{
  "accuracy": 0.658578856152513,
  "precision": 0.6838926174496645,
  "recall": 0.5890173410404624,
  "f1": 0.632919254658385,
  "classification_report": {
    "Real": {
      "precision": 0.6394523326572008,
      "recall": 0.7280600461893765,
      "f1-score": 0.6808855291576674,
      "support": 1732.0
    },
    "AI-Generated": {
      "precision": 0.6838926174496645,
      "recall": 0.5890173410404624,
      "f1-score": 0.632919254658385,
      "support": 1730.0
    },
    "accuracy": 0.658578856152513,
    "macro avg": {
      "precision": 0.6616724750534326,
      "recall": 0.6585386936149195,
      "f1-score": 0.6569023919080262,
      "support": 3462.0
    },
    "weighted avg": {
      "precision": 0.6616596384604828,
      "recall": 0.658578856152513,
      "f1-score": 0.6569162469844269,
      "support": 3462.0
    }
  },
  "confusion_matrix": [
    [
      1261,
      471
    ],
    [
      711,
      1019
    ]
  ]
}