{
  "accuracy": 0.8405545927209706,
  "precision": 0.8365714285714285,
  "recall": 0.846242774566474,
  "f1": 0.8413793103448276,
  "classification_report": {
    "Real": {
      "precision": 0.844626168224299,
      "recall": 0.8348729792147807,
      "f1-score": 0.8397212543554007,
      "support": 1732.0
    },
    "AI-Generated": {
      "precision": 0.8365714285714285,
      "recall": 0.846242774566474,
      "f1-score": 0.8413793103448276,
      "support": 1730.0
    },
    "accuracy": 0.8405545927209706,
    "macro avg": {
      "precision": 0.8405987983978638,
      "recall": 0.8405578768906273,
      "f1-score": 0.8405502823501141,
      "support": 3462.0
    },
    "weighted avg": {
      "precision": 0.8406011250124371,
      "recall": 0.8405545927209706,
      "f1-score": 0.840549803420019,
      "support": 3462.0
    }
  },
  "confusion_matrix": [
    [
      1446,
      286
    ],
    [
      266,
      1464
    ]
  ]
}