{
  "accuracy": 0.5228191796649335,
  "precision": 0.7708333333333334,
  "recall": 0.06416184971098265,
  "f1": 0.11846318036286019,
  "classification_report": {
    "Real": {
      "precision": 0.5120554550934298,
      "recall": 0.98094688221709,
      "f1-score": 0.6728712871287129,
      "support": 1732.0
    },
    "AI-Generated": {
      "precision": 0.7708333333333334,
      "recall": 0.06416184971098265,
      "f1-score": 0.11846318036286019,
      "support": 1730.0
    },
    "accuracy": 0.5228191796649335,
    "macro avg": {
      "precision": 0.6414443942133816,
      "recall": 0.5225543659640364,
      "f1-score": 0.39566723374578655,
      "support": 3462.0
    },
    "weighted avg": {
      "precision": 0.6413696461260795,
      "recall": 0.5228191796649335,
      "f1-score": 0.3958273747356092,
      "support": 3462.0
    }
  },
  "confusion_matrix": [
    [
      1699,
      33
    ],
    [
      1619,
      111
    ]
  ]
}