{
  "accuracy": 0.7738317757009345,
  "precision": 0.7627986348122867,
  "recall": 0.8127272727272727,
  "f1": 0.7869718309859155,
  "classification_report": {
    "Real": {
      "precision": 0.7871900826446281,
      "recall": 0.7326923076923076,
      "f1-score": 0.7589641434262948,
      "support": 520.0
    },
    "AI-Generated": {
      "precision": 0.7627986348122867,
      "recall": 0.8127272727272727,
      "f1-score": 0.7869718309859155,
      "support": 550.0
    },
    "accuracy": 0.7738317757009345,
    "macro avg": {
      "precision": 0.7749943587284573,
      "recall": 0.7727097902097901,
      "f1-score": 0.7729679872061052,
      "support": 1070.0
    },
    "weighted avg": {
      "precision": 0.7746524225438919,
      "recall": 0.7738317757009345,
      "f1-score": 0.7733606183401186,
      "support": 1070.0
    }
  },
  "confusion_matrix": [
    [
      381,
      139
    ],
    [
      103,
      447
    ]
  ]
}