{
  "accuracy": 0.7023622047244095,
  "precision": 0.7062600321027287,
  "recall": 0.6929133858267716,
  "f1": 0.699523052464229,
  "classification_report": {
    "Real": {
      "precision": 0.6986089644513137,
      "recall": 0.7118110236220473,
      "f1-score": 0.7051482059282371,
      "support": 635.0
    },
    "AI-Generated": {
      "precision": 0.7062600321027287,
      "recall": 0.6929133858267716,
      "f1-score": 0.699523052464229,
      "support": 635.0
    },
    "accuracy": 0.7023622047244095,
    "macro avg": {
      "precision": 0.7024344982770212,
      "recall": 0.7023622047244095,
      "f1-score": 0.702335629196233,
      "support": 1270.0
    },
    "weighted avg": {
      "precision": 0.7024344982770212,
      "recall": 0.7023622047244095,
      "f1-score": 0.702335629196233,
      "support": 1270.0
    }
  },
  "confusion_matrix": [
    [
      452,
      183
    ],
    [
      195,
      440
    ]
  ]
}